scroll,job,idx,segment,um_per_px,height_px,width_px,ink9um_fwd_frac_ge05,ink9um_rev_frac_ge05,ink9um_fwd_max,gp_fwd_frac_ge05
PHerc0800,sv0800,0,20251028213516-auto_grown_20251028213516907,8.64,2160,2240,0.0224,0.0273,215,nan
PHerc0800,sv0800,1,20251028220042-auto_grown_20251028220042762,8.64,2040,2000,0.0598,0.0151,217,nan
PHerc0800,sv0800,2,20251028220955-auto_grown_20251028220955262,8.64,2100,2100,0.0464,0.0326,227,nan
PHerc0800,sv0800,3,20251028222030-auto_grown_20251028222030940,8.64,2580,2580,0.0227,0.0177,211,nan
PHerc0800,sv0800,4,20251028225813-auto_grown_20251028225813045,8.64,2300,2260,0.0181,0.0176,223,nan
PHerc0800,sv0800,5,20251029010146-auto_grown_20251029010146642,8.64,980,980,0.0277,0.0187,205,nan
PHerc1203,tx1203,0,auto_grown_20250923163217042,9.362,3040,3040,0.0892,0.0883,220,nan
PHerc1203,tx1203,1,auto_grown_20250923163219195,9.362,3040,3040,0.0705,0.0624,221,nan
PHerc1203,tx1203,2,auto_grown_20250923163223390,9.362,3040,3040,0.0132,0.0142,217,nan
PHerc1203,tx1203,3,auto_grown_20250923163227956,9.362,3040,3040,0.0117,0.0140,219,nan
PHerc1203,tx1203,4,auto_grown_20250923163230146,9.362,3040,3040,0.0632,0.0615,218,nan
PHerc1203,tx1203,5,auto_grown_20250923163231537,9.362,3040,3040,0.0571,0.0636,222,nan
PHerc1203,tx1203,6,auto_grown_20250923163331524,9.362,3040,3040,0.1029,0.1350,218,nan
PHerc1203,tx1203,7,auto_grown_20250923164241632,9.362,3040,3040,0.0185,0.0202,217,nan
PHerc1203,tx1203,8,auto_grown_20250923164608661,9.362,3040,3040,0.0166,0.0281,215,nan
PHerc1203,tx1203,9,auto_grown_20250923164615417,9.362,3040,3040,0.0202,0.0186,219,nan
PHerc1203,tx1203,10,auto_grown_20250923164713356,9.362,3040,3040,0.0201,0.0171,220,nan
PHerc1203,tx1203,11,auto_grown_20250925165041633,9.362,2940,2820,0.1389,0.1765,227,nan
PHerc1203,tx1203,12,auto_grown_20250925223153537,9.362,2640,2640,0.0913,0.0885,205,nan
PHerc1203,tx1203,13,auto_grown_20250929222256117,9.362,4200,3480,0.1412,0.1106,207,0.2127
PHerc1203,tx1203,14,auto_grown_20250930000321811,9.362,3700,4120,0.1015,0.1061,217,nan
PHerc1203,tx1203,15,auto_grown_20250930104534929,9.362,4320,4320,0.0778,0.0719,223,0.1910
PHerc1203,tx1203,16,auto_grown_20251005221856743,9.362,5060,4520,0.0729,0.0809,219,nan
PHerc1203,tx1203,17,auto_grown_20251005230118636,9.362,3280,4260,0.0957,0.0867,216,nan
PHerc1203,tx1203,18,auto_grown_20251005230830030,9.362,3300,2720,0.1577,0.1434,218,nan
PHerc1203,tx1203,19,auto_grown_20251005230830031,9.362,4640,5360,0.0704,0.0713,210,nan
